<?xml version='1.0' encoding='UTF-8'?>
<?artifactRepository version='1.1.0'?>
<repository name='file:/Users/michaelloos/AnypointStudio3.8/CustomConnectors/nacha-file-transformer/nacha-file-transformer/target/update-site/ - artifacts' type='org.eclipse.equinox.p2.artifact.repository.simpleRepository' version='1'>
  <properties size='2'>
    <property name='p2.timestamp' value='1508877969687'/>
    <property name='p2.compressed' value='false'/>
  </properties>
  <mappings size='3'>
    <rule filter='(&amp; (classifier=osgi.bundle))' output='${repoUrl}/plugins/${id}_${version}.jar'/>
    <rule filter='(&amp; (classifier=binary))' output='${repoUrl}/binary/${id}_${version}'/>
    <rule filter='(&amp; (classifier=org.eclipse.update.feature))' output='${repoUrl}/features/${id}_${version}.jar'/>
  </mappings>
  <artifacts size='2'>
    <artifact classifier='org.eclipse.update.feature' id='org.mule.tooling.ui.extension.nacha-file-transformer-connector.3.5.0' version='1.0.0.201710241546'>
      <properties size='4'>
        <property name='artifact.size' value='9868'/>
        <property name='download.size' value='9868'/>
        <property name='download.md5' value='0e45a04205a4b787d95d6769ab6582d7'/>
        <property name='download.contentType' value='application/zip'/>
      </properties>
    </artifact>
    <artifact classifier='osgi.bundle' id='org.mule.tooling.ui.contribution.nacha-file-transformer.3.5.0' version='1.0.0.201710241546'>
      <properties size='3'>
        <property name='artifact.size' value='469122'/>
        <property name='download.size' value='469122'/>
        <property name='download.md5' value='317d14411eab8edd7f81cfe29afef9f5'/>
      </properties>
    </artifact>
  </artifacts>
</repository>
